{
  "timestamp": "2026-02-18T00:57:30.051337",
  "test_size": 200,
  "data_file": "rlm_test_transactions.csv",
  "use_rlm": true,
  "results": {
    "naive": {
      "metrics": {
        "accuracy": 0.85,
        "precision": 0.4117647058823529,
        "recall": 0.5833333333333334,
        "f1_score": 0.4827586206896552,
        "false_positive_rate": 0.11363636363636363,
        "false_negative_rate": 0.4166666666666667,
        "tp": 14,
        "tn": 156,
        "fp": 20,
        "fn": 10
      },
      "cost": 0.016064699999999998,
      "tokens": 102751
    },
    "rag": {
      "metrics": {
        "accuracy": 0.93,
        "precision": 1.0,
        "recall": 0.4166666666666667,
        "f1_score": 0.5882352941176471,
        "false_positive_rate": 0.0,
        "false_negative_rate": 0.5833333333333334,
        "tp": 10,
        "tn": 176,
        "fp": 0,
        "fn": 14
      },
      "cost": 0.0033873,
      "tokens": 20413
    },
    "rlm": {
      "metrics": {
        "accuracy": 0.935,
        "precision": 0.8235294117647058,
        "recall": 0.5833333333333334,
        "f1_score": 0.6829268292682927,
        "false_positive_rate": 0.017045454545454544,
        "false_negative_rate": 0.4166666666666667,
        "tp": 14,
        "tn": 173,
        "fp": 3,
        "fn": 10
      },
      "cost": 0.0022293,
      "tokens": 12333,
      "filtered": 200
    }
  }
}