{
  "timestamp": "2026-02-17T23:07:52.489710",
  "test_size": 200,
  "naive": {
    "accuracy": 0.88,
    "cost": 0.0156,
    "tokens": 101906
  },
  "pipeline": {
    "metrics": {
      "accuracy": 0.865,
      "precision": 0.1111111111111111,
      "recall": 0.05,
      "f1_score": 0.06896551724137932,
      "false_positive_rate": 0.044444444444444446,
      "false_negative_rate": 0.95,
      "tp": 1,
      "tn": 172,
      "fp": 8,
      "fn": 19
    },
    "cost": 0.0007494,
    "tokens": 3436,
    "filtered": 39
  }
}