{
  "approach": "naive",
  "annual_cost": 157.91542499999997,
  "f1_score": 0.28571428571428575,
  "precision": 0.3333333333333333,
  "recall": 0.25,
  "cost_per_100": 0.004326449999999999,
  "latency_ms": 4377.584218978882,
  "batch_size": 100
}