{
  "naive": {
    "metrics": {
      "accuracy": 0.91,
      "precision": 0.1111111111111111,
      "recall": 0.5,
      "f1_score": 0.1818181818181818,
      "false_positive_rate": 0.08163265306122448,
      "false_negative_rate": 0.5,
      "tp": 1,
      "tn": 90,
      "fp": 8,
      "fn": 1
    },
    "cost": 0.00440955,
    "tokens": 28257,
    "time_s": 19.83852219581604
  },
  "rag": {
    "metrics": {
      "accuracy": 0.96,
      "precision": 0.0,
      "recall": 0.0,
      "f1_score": 0,
      "false_positive_rate": 0.02040816326530612,
      "false_negative_rate": 1.0,
      "tp": 0,
      "tn": 96,
      "fp": 2,
      "fn": 2
    },
    "cost": 0.00126795,
    "tokens": 7904,
    "time_s": 8.407299041748047
  },
  "pipeline": {
    "metrics": {
      "accuracy": 0.94,
      "precision": 0.0,
      "recall": 0.0,
      "f1_score": 0,
      "false_positive_rate": 0.04081632653061224,
      "false_negative_rate": 1.0,
      "tp": 0,
      "tn": 94,
      "fp": 4,
      "fn": 2
    },
    "cost": 0.0003915,
    "tokens": 2067,
    "time_s": 3.671553134918213,
    "filtered": 32
  }
}